{"Loss": 0.11032052151858807, "_runtime": 277, "_timestamp": 1633186637, "_step": 399, "Val Loss": 0.047138962894678116, "Acc": 28.549999999999997, "Val ACC": 0.0, "_wandb": {"runtime": 275}}