{"Loss": 0.18255816726014018, "_runtime": 74, "_timestamp": 1633186944, "_step": 399, "Val Loss": 0.04521790146827698, "Acc": 52.5, "Val ACC": 61.8, "_wandb": {"runtime": 73}}